,Hernia,Normal,Spondylolisthesis,Acuratete
Hernia,31,15,0,67.3913043478261
Normal,10,73,2,85.88235294117646
Spondylolisthesis,2,10,91,88.3495145631068
