,Hernia,Normal,Spondylolisthesis,Acuratete
Hernia,32,12,2,69.56521739130434
Normal,16,61,8,71.76470588235294
Spondylolisthesis,0,3,100,97.0873786407767
